claim_id,report_id,ticker,agent_type,claim_type,claim_text,evidence_id,evidence_source,expected_status
AAPL_risk_neutral_valuation_claim_001,AAPL_risk_neutral_valuation_report,AAPL,valuation,price_momentum_and_volatility,"The valuation agent recommends HOLD for AAPL under risk_neutral. The decision is based on January return -0.006680, annualized volatility 0.212183, and max drawdown -0.055231.",AAPL_PRICE_VOLUME_JAN2024,price_volume,supported
AAPL_risk_neutral_fundamental_claim_001,AAPL_risk_neutral_fundamental_report,AAPL,fundamental,sec_fundamental_score,"The fundamental agent recommends BUY for AAPL under risk_neutral. The SEC-derived fundamental score is 4, and debt-to-asset ratio is 0.8237407929480435.",AAPL_SEC_XBRL_SUMMARY_ASOF_2024-01-31,SEC_XBRL_COMPANYFACTS,supported
AAPL_risk_neutral_sentiment_claim_001,AAPL_risk_neutral_sentiment_report,AAPL,sentiment,public_news_sentiment,"The sentiment agent recommends BUY for AAPL under risk_neutral. The public-news keyword sentiment score is 0.666667, with 2 positive and 0 negative keyword hits.",AAPL_GDELT_202401_000,GDELT_NEWS,supported
AAPL_risk_neutral_multi_agent_claim_001,AAPL_risk_neutral_multi_agent_report,AAPL,multi_agent,consensus_decision,"The multi-agent consensus recommends BUY for AAPL under risk_neutral. The weighted consensus score is 0.720817, combining valuation, fundamental, and sentiment agents.",AAPL_risk_neutral_DEBATE,debate_log,supported
AAPL_risk_averse_valuation_claim_001,AAPL_risk_averse_valuation_report,AAPL,valuation,price_momentum_and_volatility,"The valuation agent recommends HOLD for AAPL under risk_averse. The decision is based on January return -0.006680, annualized volatility 0.212183, and max drawdown -0.055231.",AAPL_PRICE_VOLUME_JAN2024,price_volume,supported
AAPL_risk_averse_fundamental_claim_001,AAPL_risk_averse_fundamental_report,AAPL,fundamental,sec_fundamental_score,"The fundamental agent recommends HOLD for AAPL under risk_averse. The SEC-derived fundamental score is 4, and debt-to-asset ratio is 0.8237407929480435.",AAPL_SEC_XBRL_SUMMARY_ASOF_2024-01-31,SEC_XBRL_COMPANYFACTS,supported
AAPL_risk_averse_sentiment_claim_001,AAPL_risk_averse_sentiment_report,AAPL,sentiment,public_news_sentiment,"The sentiment agent recommends BUY for AAPL under risk_averse. The public-news keyword sentiment score is 0.666667, with 2 positive and 0 negative keyword hits.",AAPL_GDELT_202401_000,GDELT_NEWS,supported
AAPL_risk_averse_multi_agent_claim_001,AAPL_risk_averse_multi_agent_report,AAPL,multi_agent,consensus_decision,"The multi-agent consensus recommends HOLD for AAPL under risk_averse. The weighted consensus score is 0.332615, combining valuation, fundamental, and sentiment agents.",AAPL_risk_averse_DEBATE,debate_log,supported
AAPL_risk_seeking_valuation_claim_001,AAPL_risk_seeking_valuation_report,AAPL,valuation,price_momentum_and_volatility,"The valuation agent recommends HOLD for AAPL under risk_seeking. The decision is based on January return -0.006680, annualized volatility 0.212183, and max drawdown -0.055231.",AAPL_PRICE_VOLUME_JAN2024,price_volume,supported
AAPL_risk_seeking_fundamental_claim_001,AAPL_risk_seeking_fundamental_report,AAPL,fundamental,sec_fundamental_score,"The fundamental agent recommends BUY for AAPL under risk_seeking. The SEC-derived fundamental score is 4, and debt-to-asset ratio is 0.8237407929480435.",AAPL_SEC_XBRL_SUMMARY_ASOF_2024-01-31,SEC_XBRL_COMPANYFACTS,supported
AAPL_risk_seeking_sentiment_claim_001,AAPL_risk_seeking_sentiment_report,AAPL,sentiment,public_news_sentiment,"The sentiment agent recommends BUY for AAPL under risk_seeking. The public-news keyword sentiment score is 0.666667, with 2 positive and 0 negative keyword hits.",AAPL_GDELT_202401_000,GDELT_NEWS,supported
AAPL_risk_seeking_multi_agent_claim_001,AAPL_risk_seeking_multi_agent_report,AAPL,multi_agent,consensus_decision,"The multi-agent consensus recommends BUY for AAPL under risk_seeking. The weighted consensus score is 0.716117, combining valuation, fundamental, and sentiment agents.",AAPL_risk_seeking_DEBATE,debate_log,supported
MSFT_risk_neutral_valuation_claim_001,MSFT_risk_neutral_valuation_report,MSFT,valuation,price_momentum_and_volatility,"The valuation agent recommends BUY for MSFT under risk_neutral. The decision is based on January return 0.072020, annualized volatility 0.165478, and max drawdown -0.029630.",MSFT_PRICE_VOLUME_JAN2024,price_volume,supported
MSFT_risk_neutral_fundamental_claim_001,MSFT_risk_neutral_fundamental_report,MSFT,fundamental,sec_fundamental_score,"The fundamental agent recommends BUY for MSFT under risk_neutral. The SEC-derived fundamental score is 5, and debt-to-asset ratio is 0.4936479668818722.",MSFT_SEC_XBRL_SUMMARY_ASOF_2024-01-31,SEC_XBRL_COMPANYFACTS,supported
MSFT_risk_neutral_sentiment_claim_001,MSFT_risk_neutral_sentiment_report,MSFT,sentiment,public_news_sentiment,"The sentiment agent recommends HOLD for MSFT under risk_neutral. The public-news keyword sentiment score is 0.000000, with 2 positive and 2 negative keyword hits.",MSFT_GDELT_202401_000,GDELT_NEWS,supported
MSFT_risk_neutral_multi_agent_claim_001,MSFT_risk_neutral_multi_agent_report,MSFT,multi_agent,consensus_decision,"The multi-agent consensus recommends BUY for MSFT under risk_neutral. The weighted consensus score is 0.731761, combining valuation, fundamental, and sentiment agents.",MSFT_risk_neutral_DEBATE,debate_log,supported
MSFT_risk_averse_valuation_claim_001,MSFT_risk_averse_valuation_report,MSFT,valuation,price_momentum_and_volatility,"The valuation agent recommends BUY for MSFT under risk_averse. The decision is based on January return 0.072020, annualized volatility 0.165478, and max drawdown -0.029630.",MSFT_PRICE_VOLUME_JAN2024,price_volume,supported
MSFT_risk_averse_fundamental_claim_001,MSFT_risk_averse_fundamental_report,MSFT,fundamental,sec_fundamental_score,"The fundamental agent recommends BUY for MSFT under risk_averse. The SEC-derived fundamental score is 5, and debt-to-asset ratio is 0.4936479668818722.",MSFT_SEC_XBRL_SUMMARY_ASOF_2024-01-31,SEC_XBRL_COMPANYFACTS,supported
MSFT_risk_averse_sentiment_claim_001,MSFT_risk_averse_sentiment_report,MSFT,sentiment,public_news_sentiment,"The sentiment agent recommends HOLD for MSFT under risk_averse. The public-news keyword sentiment score is 0.000000, with 2 positive and 2 negative keyword hits.",MSFT_GDELT_202401_000,GDELT_NEWS,supported
MSFT_risk_averse_multi_agent_claim_001,MSFT_risk_averse_multi_agent_report,MSFT,multi_agent,consensus_decision,"The multi-agent consensus recommends BUY for MSFT under risk_averse. The weighted consensus score is 0.737301, combining valuation, fundamental, and sentiment agents.",MSFT_risk_averse_DEBATE,debate_log,supported
MSFT_risk_seeking_valuation_claim_001,MSFT_risk_seeking_valuation_report,MSFT,valuation,price_momentum_and_volatility,"The valuation agent recommends BUY for MSFT under risk_seeking. The decision is based on January return 0.072020, annualized volatility 0.165478, and max drawdown -0.029630.",MSFT_PRICE_VOLUME_JAN2024,price_volume,supported
MSFT_risk_seeking_fundamental_claim_001,MSFT_risk_seeking_fundamental_report,MSFT,fundamental,sec_fundamental_score,"The fundamental agent recommends BUY for MSFT under risk_seeking. The SEC-derived fundamental score is 5, and debt-to-asset ratio is 0.4936479668818722.",MSFT_SEC_XBRL_SUMMARY_ASOF_2024-01-31,SEC_XBRL_COMPANYFACTS,supported
MSFT_risk_seeking_sentiment_claim_001,MSFT_risk_seeking_sentiment_report,MSFT,sentiment,public_news_sentiment,"The sentiment agent recommends BUY for MSFT under risk_seeking. The public-news keyword sentiment score is 0.000000, with 2 positive and 2 negative keyword hits.",MSFT_GDELT_202401_000,GDELT_NEWS,supported
MSFT_risk_seeking_multi_agent_claim_001,MSFT_risk_seeking_multi_agent_report,MSFT,multi_agent,consensus_decision,"The multi-agent consensus recommends BUY for MSFT under risk_seeking. The weighted consensus score is 1.000000, combining valuation, fundamental, and sentiment agents.",MSFT_risk_seeking_DEBATE,debate_log,supported
NVDA_risk_neutral_valuation_claim_001,NVDA_risk_neutral_valuation_report,NVDA,valuation,price_momentum_and_volatility,"The valuation agent recommends BUY for NVDA under risk_neutral. The decision is based on January return 0.277342, annualized volatility 0.314089, and max drawdown -0.019865.",NVDA_PRICE_VOLUME_JAN2024,price_volume,supported
NVDA_risk_neutral_fundamental_claim_001,NVDA_risk_neutral_fundamental_report,NVDA,fundamental,sec_fundamental_score,"The fundamental agent recommends BUY for NVDA under risk_neutral. The SEC-derived fundamental score is 5, and debt-to-asset ratio is 0.38566521385831426.",NVDA_SEC_XBRL_SUMMARY_ASOF_2024-01-31,SEC_XBRL_COMPANYFACTS,supported
NVDA_risk_neutral_sentiment_claim_001,NVDA_risk_neutral_sentiment_report,NVDA,sentiment,public_news_sentiment,"The sentiment agent recommends BUY for NVDA under risk_neutral. The public-news keyword sentiment score is 0.800000, with 4 positive and 0 negative keyword hits.",NVDA_GDELT_202401_000,GDELT_NEWS,supported
NVDA_risk_neutral_multi_agent_claim_001,NVDA_risk_neutral_multi_agent_report,NVDA,multi_agent,consensus_decision,"The multi-agent consensus recommends BUY for NVDA under risk_neutral. The weighted consensus score is 1.000000, combining valuation, fundamental, and sentiment agents.",NVDA_risk_neutral_DEBATE,debate_log,supported
NVDA_risk_averse_valuation_claim_001,NVDA_risk_averse_valuation_report,NVDA,valuation,price_momentum_and_volatility,"The valuation agent recommends HOLD for NVDA under risk_averse. The decision is based on January return 0.277342, annualized volatility 0.314089, and max drawdown -0.019865.",NVDA_PRICE_VOLUME_JAN2024,price_volume,supported
NVDA_risk_averse_fundamental_claim_001,NVDA_risk_averse_fundamental_report,NVDA,fundamental,sec_fundamental_score,"The fundamental agent recommends BUY for NVDA under risk_averse. The SEC-derived fundamental score is 5, and debt-to-asset ratio is 0.38566521385831426.",NVDA_SEC_XBRL_SUMMARY_ASOF_2024-01-31,SEC_XBRL_COMPANYFACTS,supported
NVDA_risk_averse_sentiment_claim_001,NVDA_risk_averse_sentiment_report,NVDA,sentiment,public_news_sentiment,"The sentiment agent recommends BUY for NVDA under risk_averse. The public-news keyword sentiment score is 0.800000, with 4 positive and 0 negative keyword hits.",NVDA_GDELT_202401_000,GDELT_NEWS,supported
NVDA_risk_averse_multi_agent_claim_001,NVDA_risk_averse_multi_agent_report,NVDA,multi_agent,consensus_decision,"The multi-agent consensus recommends BUY for NVDA under risk_averse. The weighted consensus score is 0.752164, combining valuation, fundamental, and sentiment agents.",NVDA_risk_averse_DEBATE,debate_log,supported
NVDA_risk_seeking_valuation_claim_001,NVDA_risk_seeking_valuation_report,NVDA,valuation,price_momentum_and_volatility,"The valuation agent recommends BUY for NVDA under risk_seeking. The decision is based on January return 0.277342, annualized volatility 0.314089, and max drawdown -0.019865.",NVDA_PRICE_VOLUME_JAN2024,price_volume,supported
NVDA_risk_seeking_fundamental_claim_001,NVDA_risk_seeking_fundamental_report,NVDA,fundamental,sec_fundamental_score,"The fundamental agent recommends BUY for NVDA under risk_seeking. The SEC-derived fundamental score is 5, and debt-to-asset ratio is 0.38566521385831426.",NVDA_SEC_XBRL_SUMMARY_ASOF_2024-01-31,SEC_XBRL_COMPANYFACTS,supported
NVDA_risk_seeking_sentiment_claim_001,NVDA_risk_seeking_sentiment_report,NVDA,sentiment,public_news_sentiment,"The sentiment agent recommends BUY for NVDA under risk_seeking. The public-news keyword sentiment score is 0.800000, with 4 positive and 0 negative keyword hits.",NVDA_GDELT_202401_000,GDELT_NEWS,supported
NVDA_risk_seeking_multi_agent_claim_001,NVDA_risk_seeking_multi_agent_report,NVDA,multi_agent,consensus_decision,"The multi-agent consensus recommends BUY for NVDA under risk_seeking. The weighted consensus score is 1.000000, combining valuation, fundamental, and sentiment agents.",NVDA_risk_seeking_DEBATE,debate_log,supported
AMD_risk_neutral_valuation_claim_001,AMD_risk_neutral_valuation_report,AMD,valuation,price_momentum_and_volatility,"The valuation agent recommends BUY for AMD under risk_neutral. The decision is based on January return 0.210059, annualized volatility 0.534423, and max drawdown -0.070094.",AMD_PRICE_VOLUME_JAN2024,price_volume,supported
AMD_risk_neutral_fundamental_claim_001,AMD_risk_neutral_fundamental_report,AMD,fundamental,sec_fundamental_score,"The fundamental agent recommends BUY for AMD under risk_neutral. The SEC-derived fundamental score is 4, and debt-to-asset ratio is None.",AMD_SEC_XBRL_SUMMARY_ASOF_2024-01-31,SEC_XBRL_COMPANYFACTS,supported
AMD_risk_neutral_sentiment_claim_001,AMD_risk_neutral_sentiment_report,AMD,sentiment,public_news_sentiment,"The sentiment agent recommends BUY for AMD under risk_neutral. The public-news keyword sentiment score is 0.285714, with 4 positive and 2 negative keyword hits.",AMD_GDELT_202401_000,GDELT_NEWS,supported
AMD_risk_neutral_multi_agent_claim_001,AMD_risk_neutral_multi_agent_report,AMD,multi_agent,consensus_decision,"The multi-agent consensus recommends BUY for AMD under risk_neutral. The weighted consensus score is 1.000000, combining valuation, fundamental, and sentiment agents.",AMD_risk_neutral_DEBATE,debate_log,supported
AMD_risk_averse_valuation_claim_001,AMD_risk_averse_valuation_report,AMD,valuation,price_momentum_and_volatility,"The valuation agent recommends SELL for AMD under risk_averse. The decision is based on January return 0.210059, annualized volatility 0.534423, and max drawdown -0.070094.",AMD_PRICE_VOLUME_JAN2024,price_volume,supported
AMD_risk_averse_fundamental_claim_001,AMD_risk_averse_fundamental_report,AMD,fundamental,sec_fundamental_score,"The fundamental agent recommends BUY for AMD under risk_averse. The SEC-derived fundamental score is 4, and debt-to-asset ratio is None.",AMD_SEC_XBRL_SUMMARY_ASOF_2024-01-31,SEC_XBRL_COMPANYFACTS,supported
AMD_risk_averse_sentiment_claim_001,AMD_risk_averse_sentiment_report,AMD,sentiment,public_news_sentiment,"The sentiment agent recommends BUY for AMD under risk_averse. The public-news keyword sentiment score is 0.285714, with 4 positive and 2 negative keyword hits.",AMD_GDELT_202401_000,GDELT_NEWS,supported
AMD_risk_averse_multi_agent_claim_001,AMD_risk_averse_multi_agent_report,AMD,multi_agent,consensus_decision,"The multi-agent consensus recommends HOLD for AMD under risk_averse. The weighted consensus score is 0.252278, combining valuation, fundamental, and sentiment agents.",AMD_risk_averse_DEBATE,debate_log,supported
AMD_risk_seeking_valuation_claim_001,AMD_risk_seeking_valuation_report,AMD,valuation,price_momentum_and_volatility,"The valuation agent recommends BUY for AMD under risk_seeking. The decision is based on January return 0.210059, annualized volatility 0.534423, and max drawdown -0.070094.",AMD_PRICE_VOLUME_JAN2024,price_volume,supported
AMD_risk_seeking_fundamental_claim_001,AMD_risk_seeking_fundamental_report,AMD,fundamental,sec_fundamental_score,"The fundamental agent recommends BUY for AMD under risk_seeking. The SEC-derived fundamental score is 4, and debt-to-asset ratio is None.",AMD_SEC_XBRL_SUMMARY_ASOF_2024-01-31,SEC_XBRL_COMPANYFACTS,supported
AMD_risk_seeking_sentiment_claim_001,AMD_risk_seeking_sentiment_report,AMD,sentiment,public_news_sentiment,"The sentiment agent recommends BUY for AMD under risk_seeking. The public-news keyword sentiment score is 0.285714, with 4 positive and 2 negative keyword hits.",AMD_GDELT_202401_000,GDELT_NEWS,supported
AMD_risk_seeking_multi_agent_claim_001,AMD_risk_seeking_multi_agent_report,AMD,multi_agent,consensus_decision,"The multi-agent consensus recommends BUY for AMD under risk_seeking. The weighted consensus score is 1.000000, combining valuation, fundamental, and sentiment agents.",AMD_risk_seeking_DEBATE,debate_log,supported
AVGO_risk_neutral_valuation_claim_001,AVGO_risk_neutral_valuation_report,AVGO,valuation,price_momentum_and_volatility,"The valuation agent recommends BUY for AVGO under risk_neutral. The decision is based on January return 0.087177, annualized volatility 0.332711, and max drawdown -0.058914.",AVGO_PRICE_VOLUME_JAN2024,price_volume,supported
AVGO_risk_neutral_fundamental_claim_001,AVGO_risk_neutral_fundamental_report,AVGO,fundamental,sec_fundamental_score,"The fundamental agent recommends BUY for AVGO under risk_neutral. The SEC-derived fundamental score is 5, and debt-to-asset ratio is 0.6707703709803599.",AVGO_SEC_XBRL_SUMMARY_ASOF_2024-01-31,SEC_XBRL_COMPANYFACTS,supported
AVGO_risk_neutral_sentiment_claim_001,AVGO_risk_neutral_sentiment_report,AVGO,sentiment,public_news_sentiment,"The sentiment agent recommends BUY for AVGO under risk_neutral. The public-news keyword sentiment score is 0.666667, with 2 positive and 0 negative keyword hits.",AVGO_GDELT_202401_000,GDELT_NEWS,supported
AVGO_risk_neutral_multi_agent_claim_001,AVGO_risk_neutral_multi_agent_report,AVGO,multi_agent,consensus_decision,"The multi-agent consensus recommends BUY for AVGO under risk_neutral. The weighted consensus score is 1.000000, combining valuation, fundamental, and sentiment agents.",AVGO_risk_neutral_DEBATE,debate_log,supported
AVGO_risk_averse_valuation_claim_001,AVGO_risk_averse_valuation_report,AVGO,valuation,price_momentum_and_volatility,"The valuation agent recommends SELL for AVGO under risk_averse. The decision is based on January return 0.087177, annualized volatility 0.332711, and max drawdown -0.058914.",AVGO_PRICE_VOLUME_JAN2024,price_volume,supported
AVGO_risk_averse_fundamental_claim_001,AVGO_risk_averse_fundamental_report,AVGO,fundamental,sec_fundamental_score,"The fundamental agent recommends BUY for AVGO under risk_averse. The SEC-derived fundamental score is 5, and debt-to-asset ratio is 0.6707703709803599.",AVGO_SEC_XBRL_SUMMARY_ASOF_2024-01-31,SEC_XBRL_COMPANYFACTS,supported
AVGO_risk_averse_sentiment_claim_001,AVGO_risk_averse_sentiment_report,AVGO,sentiment,public_news_sentiment,"The sentiment agent recommends BUY for AVGO under risk_averse. The public-news keyword sentiment score is 0.666667, with 2 positive and 0 negative keyword hits.",AVGO_GDELT_202401_000,GDELT_NEWS,supported
AVGO_risk_averse_multi_agent_claim_001,AVGO_risk_averse_multi_agent_report,AVGO,multi_agent,consensus_decision,"The multi-agent consensus recommends HOLD for AVGO under risk_averse. The weighted consensus score is 0.350961, combining valuation, fundamental, and sentiment agents.",AVGO_risk_averse_DEBATE,debate_log,supported
AVGO_risk_seeking_valuation_claim_001,AVGO_risk_seeking_valuation_report,AVGO,valuation,price_momentum_and_volatility,"The valuation agent recommends BUY for AVGO under risk_seeking. The decision is based on January return 0.087177, annualized volatility 0.332711, and max drawdown -0.058914.",AVGO_PRICE_VOLUME_JAN2024,price_volume,supported
AVGO_risk_seeking_fundamental_claim_001,AVGO_risk_seeking_fundamental_report,AVGO,fundamental,sec_fundamental_score,"The fundamental agent recommends BUY for AVGO under risk_seeking. The SEC-derived fundamental score is 5, and debt-to-asset ratio is 0.6707703709803599.",AVGO_SEC_XBRL_SUMMARY_ASOF_2024-01-31,SEC_XBRL_COMPANYFACTS,supported
AVGO_risk_seeking_sentiment_claim_001,AVGO_risk_seeking_sentiment_report,AVGO,sentiment,public_news_sentiment,"The sentiment agent recommends BUY for AVGO under risk_seeking. The public-news keyword sentiment score is 0.666667, with 2 positive and 0 negative keyword hits.",AVGO_GDELT_202401_000,GDELT_NEWS,supported
AVGO_risk_seeking_multi_agent_claim_001,AVGO_risk_seeking_multi_agent_report,AVGO,multi_agent,consensus_decision,"The multi-agent consensus recommends BUY for AVGO under risk_seeking. The weighted consensus score is 1.000000, combining valuation, fundamental, and sentiment agents.",AVGO_risk_seeking_DEBATE,debate_log,supported
ADBE_risk_neutral_valuation_claim_001,ADBE_risk_neutral_valuation_report,ADBE,valuation,price_momentum_and_volatility,"The valuation agent recommends BUY for ADBE under risk_neutral. The decision is based on January return 0.065009, annualized volatility 0.244154, and max drawdown -0.026669.",ADBE_PRICE_VOLUME_JAN2024,price_volume,supported
ADBE_risk_neutral_fundamental_claim_001,ADBE_risk_neutral_fundamental_report,ADBE,fundamental,sec_fundamental_score,"The fundamental agent recommends BUY for ADBE under risk_neutral. The SEC-derived fundamental score is 5, and debt-to-asset ratio is 0.4453138117465328.",ADBE_SEC_XBRL_SUMMARY_ASOF_2024-01-31,SEC_XBRL_COMPANYFACTS,supported
ADBE_risk_neutral_sentiment_claim_001,ADBE_risk_neutral_sentiment_report,ADBE,sentiment,public_news_sentiment,"The sentiment agent recommends HOLD for ADBE under risk_neutral. The public-news keyword sentiment score is 0.000000, with 0 positive and 0 negative keyword hits.",ADBE_NO_PUBLIC_NEWS_JAN2024,GDELT_NEWS,supported
ADBE_risk_neutral_multi_agent_claim_001,ADBE_risk_neutral_multi_agent_report,ADBE,multi_agent,consensus_decision,"The multi-agent consensus recommends BUY for ADBE under risk_neutral. The weighted consensus score is 0.726707, combining valuation, fundamental, and sentiment agents.",ADBE_risk_neutral_DEBATE,debate_log,supported
ADBE_risk_averse_valuation_claim_001,ADBE_risk_averse_valuation_report,ADBE,valuation,price_momentum_and_volatility,"The valuation agent recommends BUY for ADBE under risk_averse. The decision is based on January return 0.065009, annualized volatility 0.244154, and max drawdown -0.026669.",ADBE_PRICE_VOLUME_JAN2024,price_volume,supported
ADBE_risk_averse_fundamental_claim_001,ADBE_risk_averse_fundamental_report,ADBE,fundamental,sec_fundamental_score,"The fundamental agent recommends BUY for ADBE under risk_averse. The SEC-derived fundamental score is 5, and debt-to-asset ratio is 0.4453138117465328.",ADBE_SEC_XBRL_SUMMARY_ASOF_2024-01-31,SEC_XBRL_COMPANYFACTS,supported
ADBE_risk_averse_sentiment_claim_001,ADBE_risk_averse_sentiment_report,ADBE,sentiment,public_news_sentiment,"The sentiment agent recommends HOLD for ADBE under risk_averse. The public-news keyword sentiment score is 0.000000, with 0 positive and 0 negative keyword hits.",ADBE_NO_PUBLIC_NEWS_JAN2024,GDELT_NEWS,supported
ADBE_risk_averse_multi_agent_claim_001,ADBE_risk_averse_multi_agent_report,ADBE,multi_agent,consensus_decision,"The multi-agent consensus recommends BUY for ADBE under risk_averse. The weighted consensus score is 0.750006, combining valuation, fundamental, and sentiment agents.",ADBE_risk_averse_DEBATE,debate_log,supported
ADBE_risk_seeking_valuation_claim_001,ADBE_risk_seeking_valuation_report,ADBE,valuation,price_momentum_and_volatility,"The valuation agent recommends BUY for ADBE under risk_seeking. The decision is based on January return 0.065009, annualized volatility 0.244154, and max drawdown -0.026669.",ADBE_PRICE_VOLUME_JAN2024,price_volume,supported
ADBE_risk_seeking_fundamental_claim_001,ADBE_risk_seeking_fundamental_report,ADBE,fundamental,sec_fundamental_score,"The fundamental agent recommends BUY for ADBE under risk_seeking. The SEC-derived fundamental score is 5, and debt-to-asset ratio is 0.4453138117465328.",ADBE_SEC_XBRL_SUMMARY_ASOF_2024-01-31,SEC_XBRL_COMPANYFACTS,supported
ADBE_risk_seeking_sentiment_claim_001,ADBE_risk_seeking_sentiment_report,ADBE,sentiment,public_news_sentiment,"The sentiment agent recommends BUY for ADBE under risk_seeking. The public-news keyword sentiment score is 0.000000, with 0 positive and 0 negative keyword hits.",ADBE_NO_PUBLIC_NEWS_JAN2024,GDELT_NEWS,supported
ADBE_risk_seeking_multi_agent_claim_001,ADBE_risk_seeking_multi_agent_report,ADBE,multi_agent,consensus_decision,"The multi-agent consensus recommends BUY for ADBE under risk_seeking. The weighted consensus score is 1.000000, combining valuation, fundamental, and sentiment agents.",ADBE_risk_seeking_DEBATE,debate_log,supported
CRM_risk_neutral_valuation_claim_001,CRM_risk_neutral_valuation_report,CRM,valuation,price_momentum_and_volatility,"The valuation agent recommends BUY for CRM under risk_neutral. The decision is based on January return 0.097451, annualized volatility 0.247598, and max drawdown -0.023518.",CRM_PRICE_VOLUME_JAN2024,price_volume,supported
CRM_risk_neutral_fundamental_claim_001,CRM_risk_neutral_fundamental_report,CRM,fundamental,sec_fundamental_score,"The fundamental agent recommends BUY for CRM under risk_neutral. The SEC-derived fundamental score is 5, and debt-to-asset ratio is 0.3618026411197293.",CRM_SEC_XBRL_SUMMARY_ASOF_2024-01-31,SEC_XBRL_COMPANYFACTS,supported
CRM_risk_neutral_sentiment_claim_001,CRM_risk_neutral_sentiment_report,CRM,sentiment,public_news_sentiment,"The sentiment agent recommends SELL for CRM under risk_neutral. The public-news keyword sentiment score is -0.666667, with 0 positive and 2 negative keyword hits.",CRM_GDELT_202401_000,GDELT_NEWS,supported
CRM_risk_neutral_multi_agent_claim_001,CRM_risk_neutral_multi_agent_report,CRM,multi_agent,consensus_decision,"The multi-agent consensus recommends BUY for CRM under risk_neutral. The weighted consensus score is 0.297981, combining valuation, fundamental, and sentiment agents.",CRM_risk_neutral_DEBATE,debate_log,supported
CRM_risk_averse_valuation_claim_001,CRM_risk_averse_valuation_report,CRM,valuation,price_momentum_and_volatility,"The valuation agent recommends BUY for CRM under risk_averse. The decision is based on January return 0.097451, annualized volatility 0.247598, and max drawdown -0.023518.",CRM_PRICE_VOLUME_JAN2024,price_volume,supported
CRM_risk_averse_fundamental_claim_001,CRM_risk_averse_fundamental_report,CRM,fundamental,sec_fundamental_score,"The fundamental agent recommends BUY for CRM under risk_averse. The SEC-derived fundamental score is 5, and debt-to-asset ratio is 0.3618026411197293.",CRM_SEC_XBRL_SUMMARY_ASOF_2024-01-31,SEC_XBRL_COMPANYFACTS,supported
CRM_risk_averse_sentiment_claim_001,CRM_risk_averse_sentiment_report,CRM,sentiment,public_news_sentiment,"The sentiment agent recommends SELL for CRM under risk_averse. The public-news keyword sentiment score is -0.666667, with 0 positive and 2 negative keyword hits.",CRM_GDELT_202401_000,GDELT_NEWS,supported
CRM_risk_averse_multi_agent_claim_001,CRM_risk_averse_multi_agent_report,CRM,multi_agent,consensus_decision,"The multi-agent consensus recommends HOLD for CRM under risk_averse. The weighted consensus score is 0.325698, combining valuation, fundamental, and sentiment agents.",CRM_risk_averse_DEBATE,debate_log,supported
CRM_risk_seeking_valuation_claim_001,CRM_risk_seeking_valuation_report,CRM,valuation,price_momentum_and_volatility,"The valuation agent recommends BUY for CRM under risk_seeking. The decision is based on January return 0.097451, annualized volatility 0.247598, and max drawdown -0.023518.",CRM_PRICE_VOLUME_JAN2024,price_volume,supported
CRM_risk_seeking_fundamental_claim_001,CRM_risk_seeking_fundamental_report,CRM,fundamental,sec_fundamental_score,"The fundamental agent recommends BUY for CRM under risk_seeking. The SEC-derived fundamental score is 5, and debt-to-asset ratio is 0.3618026411197293.",CRM_SEC_XBRL_SUMMARY_ASOF_2024-01-31,SEC_XBRL_COMPANYFACTS,supported
CRM_risk_seeking_sentiment_claim_001,CRM_risk_seeking_sentiment_report,CRM,sentiment,public_news_sentiment,"The sentiment agent recommends SELL for CRM under risk_seeking. The public-news keyword sentiment score is -0.666667, with 0 positive and 2 negative keyword hits.",CRM_GDELT_202401_000,GDELT_NEWS,supported
CRM_risk_seeking_multi_agent_claim_001,CRM_risk_seeking_multi_agent_report,CRM,multi_agent,consensus_decision,"The multi-agent consensus recommends BUY for CRM under risk_seeking. The weighted consensus score is 0.364809, combining valuation, fundamental, and sentiment agents.",CRM_risk_seeking_DEBATE,debate_log,supported
ORCL_risk_neutral_valuation_claim_001,ORCL_risk_neutral_valuation_report,ORCL,valuation,price_momentum_and_volatility,"The valuation agent recommends BUY for ORCL under risk_neutral. The decision is based on January return 0.077578, annualized volatility 0.188897, and max drawdown -0.028696.",ORCL_PRICE_VOLUME_JAN2024,price_volume,supported
ORCL_risk_neutral_fundamental_claim_001,ORCL_risk_neutral_fundamental_report,ORCL,fundamental,sec_fundamental_score,"The fundamental agent recommends BUY for ORCL under risk_neutral. The SEC-derived fundamental score is 4, and debt-to-asset ratio is None.",ORCL_SEC_XBRL_SUMMARY_ASOF_2024-01-31,SEC_XBRL_COMPANYFACTS,supported
ORCL_risk_neutral_sentiment_claim_001,ORCL_risk_neutral_sentiment_report,ORCL,sentiment,public_news_sentiment,"The sentiment agent recommends HOLD for ORCL under risk_neutral. The public-news keyword sentiment score is 0.000000, with 0 positive and 0 negative keyword hits.",ORCL_NO_PUBLIC_NEWS_JAN2024,GDELT_NEWS,supported
ORCL_risk_neutral_multi_agent_claim_001,ORCL_risk_neutral_multi_agent_report,ORCL,multi_agent,consensus_decision,"The multi-agent consensus recommends BUY for ORCL under risk_neutral. The weighted consensus score is 0.720896, combining valuation, fundamental, and sentiment agents.",ORCL_risk_neutral_DEBATE,debate_log,supported
ORCL_risk_averse_valuation_claim_001,ORCL_risk_averse_valuation_report,ORCL,valuation,price_momentum_and_volatility,"The valuation agent recommends BUY for ORCL under risk_averse. The decision is based on January return 0.077578, annualized volatility 0.188897, and max drawdown -0.028696.",ORCL_PRICE_VOLUME_JAN2024,price_volume,supported
ORCL_risk_averse_fundamental_claim_001,ORCL_risk_averse_fundamental_report,ORCL,fundamental,sec_fundamental_score,"The fundamental agent recommends BUY for ORCL under risk_averse. The SEC-derived fundamental score is 4, and debt-to-asset ratio is None.",ORCL_SEC_XBRL_SUMMARY_ASOF_2024-01-31,SEC_XBRL_COMPANYFACTS,supported
ORCL_risk_averse_sentiment_claim_001,ORCL_risk_averse_sentiment_report,ORCL,sentiment,public_news_sentiment,"The sentiment agent recommends HOLD for ORCL under risk_averse. The public-news keyword sentiment score is 0.000000, with 0 positive and 0 negative keyword hits.",ORCL_NO_PUBLIC_NEWS_JAN2024,GDELT_NEWS,supported
ORCL_risk_averse_multi_agent_claim_001,ORCL_risk_averse_multi_agent_report,ORCL,multi_agent,consensus_decision,"The multi-agent consensus recommends BUY for ORCL under risk_averse. The weighted consensus score is 0.729578, combining valuation, fundamental, and sentiment agents.",ORCL_risk_averse_DEBATE,debate_log,supported
ORCL_risk_seeking_valuation_claim_001,ORCL_risk_seeking_valuation_report,ORCL,valuation,price_momentum_and_volatility,"The valuation agent recommends BUY for ORCL under risk_seeking. The decision is based on January return 0.077578, annualized volatility 0.188897, and max drawdown -0.028696.",ORCL_PRICE_VOLUME_JAN2024,price_volume,supported
ORCL_risk_seeking_fundamental_claim_001,ORCL_risk_seeking_fundamental_report,ORCL,fundamental,sec_fundamental_score,"The fundamental agent recommends BUY for ORCL under risk_seeking. The SEC-derived fundamental score is 4, and debt-to-asset ratio is None.",ORCL_SEC_XBRL_SUMMARY_ASOF_2024-01-31,SEC_XBRL_COMPANYFACTS,supported
ORCL_risk_seeking_sentiment_claim_001,ORCL_risk_seeking_sentiment_report,ORCL,sentiment,public_news_sentiment,"The sentiment agent recommends BUY for ORCL under risk_seeking. The public-news keyword sentiment score is 0.000000, with 0 positive and 0 negative keyword hits.",ORCL_NO_PUBLIC_NEWS_JAN2024,GDELT_NEWS,supported
ORCL_risk_seeking_multi_agent_claim_001,ORCL_risk_seeking_multi_agent_report,ORCL,multi_agent,consensus_decision,"The multi-agent consensus recommends BUY for ORCL under risk_seeking. The weighted consensus score is 1.000000, combining valuation, fundamental, and sentiment agents.",ORCL_risk_seeking_DEBATE,debate_log,supported
INTC_risk_neutral_valuation_claim_001,INTC_risk_neutral_valuation_report,INTC,valuation,price_momentum_and_volatility,"The valuation agent recommends SELL for INTC under risk_neutral. The decision is based on January return -0.098745, annualized volatility 0.485909, and max drawdown -0.133804.",INTC_PRICE_VOLUME_JAN2024,price_volume,supported
INTC_risk_neutral_fundamental_claim_001,INTC_risk_neutral_fundamental_report,INTC,fundamental,sec_fundamental_score,"The fundamental agent recommends BUY for INTC under risk_neutral. The SEC-derived fundamental score is 4, and debt-to-asset ratio is None.",INTC_SEC_XBRL_SUMMARY_ASOF_2024-01-31,SEC_XBRL_COMPANYFACTS,supported
INTC_risk_neutral_sentiment_claim_001,INTC_risk_neutral_sentiment_report,INTC,sentiment,public_news_sentiment,"The sentiment agent recommends HOLD for INTC under risk_neutral. The public-news keyword sentiment score is 0.000000, with 0 positive and 0 negative keyword hits.",INTC_GDELT_202401_000,GDELT_NEWS,supported
INTC_risk_neutral_multi_agent_claim_001,INTC_risk_neutral_multi_agent_report,INTC,multi_agent,consensus_decision,"The multi-agent consensus recommends HOLD for INTC under risk_neutral. The weighted consensus score is -0.021151, combining valuation, fundamental, and sentiment agents.",INTC_risk_neutral_DEBATE,debate_log,supported
INTC_risk_averse_valuation_claim_001,INTC_risk_averse_valuation_report,INTC,valuation,price_momentum_and_volatility,"The valuation agent recommends SELL for INTC under risk_averse. The decision is based on January return -0.098745, annualized volatility 0.485909, and max drawdown -0.133804.",INTC_PRICE_VOLUME_JAN2024,price_volume,supported
INTC_risk_averse_fundamental_claim_001,INTC_risk_averse_fundamental_report,INTC,fundamental,sec_fundamental_score,"The fundamental agent recommends BUY for INTC under risk_averse. The SEC-derived fundamental score is 4, and debt-to-asset ratio is None.",INTC_SEC_XBRL_SUMMARY_ASOF_2024-01-31,SEC_XBRL_COMPANYFACTS,supported
INTC_risk_averse_sentiment_claim_001,INTC_risk_averse_sentiment_report,INTC,sentiment,public_news_sentiment,"The sentiment agent recommends HOLD for INTC under risk_averse. The public-news keyword sentiment score is 0.000000, with 0 positive and 0 negative keyword hits.",INTC_GDELT_202401_000,GDELT_NEWS,supported
INTC_risk_averse_multi_agent_claim_001,INTC_risk_averse_multi_agent_report,INTC,multi_agent,consensus_decision,"The multi-agent consensus recommends HOLD for INTC under risk_averse. The weighted consensus score is -0.056034, combining valuation, fundamental, and sentiment agents.",INTC_risk_averse_DEBATE,debate_log,supported
INTC_risk_seeking_valuation_claim_001,INTC_risk_seeking_valuation_report,INTC,valuation,price_momentum_and_volatility,"The valuation agent recommends SELL for INTC under risk_seeking. The decision is based on January return -0.098745, annualized volatility 0.485909, and max drawdown -0.133804.",INTC_PRICE_VOLUME_JAN2024,price_volume,supported
INTC_risk_seeking_fundamental_claim_001,INTC_risk_seeking_fundamental_report,INTC,fundamental,sec_fundamental_score,"The fundamental agent recommends BUY for INTC under risk_seeking. The SEC-derived fundamental score is 4, and debt-to-asset ratio is None.",INTC_SEC_XBRL_SUMMARY_ASOF_2024-01-31,SEC_XBRL_COMPANYFACTS,supported
INTC_risk_seeking_sentiment_claim_001,INTC_risk_seeking_sentiment_report,INTC,sentiment,public_news_sentiment,"The sentiment agent recommends BUY for INTC under risk_seeking. The public-news keyword sentiment score is 0.000000, with 0 positive and 0 negative keyword hits.",INTC_GDELT_202401_000,GDELT_NEWS,supported
INTC_risk_seeking_multi_agent_claim_001,INTC_risk_seeking_multi_agent_report,INTC,multi_agent,consensus_decision,"The multi-agent consensus recommends BUY for INTC under risk_seeking. The weighted consensus score is 0.372700, combining valuation, fundamental, and sentiment agents.",INTC_risk_seeking_DEBATE,debate_log,supported
QCOM_risk_neutral_valuation_claim_001,QCOM_risk_neutral_valuation_report,QCOM,valuation,price_momentum_and_volatility,"The valuation agent recommends BUY for QCOM under risk_neutral. The decision is based on January return 0.059046, annualized volatility 0.293169, and max drawdown -0.054962.",QCOM_PRICE_VOLUME_JAN2024,price_volume,supported
QCOM_risk_neutral_fundamental_claim_001,QCOM_risk_neutral_fundamental_report,QCOM,fundamental,sec_fundamental_score,"The fundamental agent recommends BUY for QCOM under risk_neutral. The SEC-derived fundamental score is 5, and debt-to-asset ratio is 0.5577251366644289.",QCOM_SEC_XBRL_SUMMARY_ASOF_2024-01-31,SEC_XBRL_COMPANYFACTS,supported
QCOM_risk_neutral_sentiment_claim_001,QCOM_risk_neutral_sentiment_report,QCOM,sentiment,public_news_sentiment,"The sentiment agent recommends BUY for QCOM under risk_neutral. The public-news keyword sentiment score is 0.857143, with 6 positive and 0 negative keyword hits.",QCOM_GDELT_202401_000,GDELT_NEWS,supported
QCOM_risk_neutral_multi_agent_claim_001,QCOM_risk_neutral_multi_agent_report,QCOM,multi_agent,consensus_decision,"The multi-agent consensus recommends BUY for QCOM under risk_neutral. The weighted consensus score is 1.000000, combining valuation, fundamental, and sentiment agents.",QCOM_risk_neutral_DEBATE,debate_log,supported
QCOM_risk_averse_valuation_claim_001,QCOM_risk_averse_valuation_report,QCOM,valuation,price_momentum_and_volatility,"The valuation agent recommends HOLD for QCOM under risk_averse. The decision is based on January return 0.059046, annualized volatility 0.293169, and max drawdown -0.054962.",QCOM_PRICE_VOLUME_JAN2024,price_volume,supported
QCOM_risk_averse_fundamental_claim_001,QCOM_risk_averse_fundamental_report,QCOM,fundamental,sec_fundamental_score,"The fundamental agent recommends BUY for QCOM under risk_averse. The SEC-derived fundamental score is 5, and debt-to-asset ratio is 0.5577251366644289.",QCOM_SEC_XBRL_SUMMARY_ASOF_2024-01-31,SEC_XBRL_COMPANYFACTS,supported
QCOM_risk_averse_sentiment_claim_001,QCOM_risk_averse_sentiment_report,QCOM,sentiment,public_news_sentiment,"The sentiment agent recommends BUY for QCOM under risk_averse. The public-news keyword sentiment score is 0.857143, with 6 positive and 0 negative keyword hits.",QCOM_GDELT_202401_000,GDELT_NEWS,supported
QCOM_risk_averse_multi_agent_claim_001,QCOM_risk_averse_multi_agent_report,QCOM,multi_agent,consensus_decision,"The multi-agent consensus recommends BUY for QCOM under risk_averse. The weighted consensus score is 0.686499, combining valuation, fundamental, and sentiment agents.",QCOM_risk_averse_DEBATE,debate_log,supported
QCOM_risk_seeking_valuation_claim_001,QCOM_risk_seeking_valuation_report,QCOM,valuation,price_momentum_and_volatility,"The valuation agent recommends BUY for QCOM under risk_seeking. The decision is based on January return 0.059046, annualized volatility 0.293169, and max drawdown -0.054962.",QCOM_PRICE_VOLUME_JAN2024,price_volume,supported
QCOM_risk_seeking_fundamental_claim_001,QCOM_risk_seeking_fundamental_report,QCOM,fundamental,sec_fundamental_score,"The fundamental agent recommends BUY for QCOM under risk_seeking. The SEC-derived fundamental score is 5, and debt-to-asset ratio is 0.5577251366644289.",QCOM_SEC_XBRL_SUMMARY_ASOF_2024-01-31,SEC_XBRL_COMPANYFACTS,supported
QCOM_risk_seeking_sentiment_claim_001,QCOM_risk_seeking_sentiment_report,QCOM,sentiment,public_news_sentiment,"The sentiment agent recommends BUY for QCOM under risk_seeking. The public-news keyword sentiment score is 0.857143, with 6 positive and 0 negative keyword hits.",QCOM_GDELT_202401_000,GDELT_NEWS,supported
QCOM_risk_seeking_multi_agent_claim_001,QCOM_risk_seeking_multi_agent_report,QCOM,multi_agent,consensus_decision,"The multi-agent consensus recommends BUY for QCOM under risk_seeking. The weighted consensus score is 1.000000, combining valuation, fundamental, and sentiment agents.",QCOM_risk_seeking_DEBATE,debate_log,supported
CSCO_risk_neutral_valuation_claim_001,CSCO_risk_neutral_valuation_report,CSCO,valuation,price_momentum_and_volatility,"The valuation agent recommends BUY for CSCO under risk_neutral. The decision is based on January return 0.001197, annualized volatility 0.189519, and max drawdown -0.041085.",CSCO_PRICE_VOLUME_JAN2024,price_volume,supported
CSCO_risk_neutral_fundamental_claim_001,CSCO_risk_neutral_fundamental_report,CSCO,fundamental,sec_fundamental_score,"The fundamental agent recommends BUY for CSCO under risk_neutral. The SEC-derived fundamental score is 5, and debt-to-asset ratio is 0.5423255248931992.",CSCO_SEC_XBRL_SUMMARY_ASOF_2024-01-31,SEC_XBRL_COMPANYFACTS,supported
CSCO_risk_neutral_sentiment_claim_001,CSCO_risk_neutral_sentiment_report,CSCO,sentiment,public_news_sentiment,"The sentiment agent recommends BUY for CSCO under risk_neutral. The public-news keyword sentiment score is 0.666667, with 2 positive and 0 negative keyword hits.",CSCO_GDELT_202401_000,GDELT_NEWS,supported
CSCO_risk_neutral_multi_agent_claim_001,CSCO_risk_neutral_multi_agent_report,CSCO,multi_agent,consensus_decision,"The multi-agent consensus recommends BUY for CSCO under risk_neutral. The weighted consensus score is 1.000000, combining valuation, fundamental, and sentiment agents.",CSCO_risk_neutral_DEBATE,debate_log,supported
CSCO_risk_averse_valuation_claim_001,CSCO_risk_averse_valuation_report,CSCO,valuation,price_momentum_and_volatility,"The valuation agent recommends BUY for CSCO under risk_averse. The decision is based on January return 0.001197, annualized volatility 0.189519, and max drawdown -0.041085.",CSCO_PRICE_VOLUME_JAN2024,price_volume,supported
CSCO_risk_averse_fundamental_claim_001,CSCO_risk_averse_fundamental_report,CSCO,fundamental,sec_fundamental_score,"The fundamental agent recommends BUY for CSCO under risk_averse. The SEC-derived fundamental score is 5, and debt-to-asset ratio is 0.5423255248931992.",CSCO_SEC_XBRL_SUMMARY_ASOF_2024-01-31,SEC_XBRL_COMPANYFACTS,supported
CSCO_risk_averse_sentiment_claim_001,CSCO_risk_averse_sentiment_report,CSCO,sentiment,public_news_sentiment,"The sentiment agent recommends BUY for CSCO under risk_averse. The public-news keyword sentiment score is 0.666667, with 2 positive and 0 negative keyword hits.",CSCO_GDELT_202401_000,GDELT_NEWS,supported
CSCO_risk_averse_multi_agent_claim_001,CSCO_risk_averse_multi_agent_report,CSCO,multi_agent,consensus_decision,"The multi-agent consensus recommends BUY for CSCO under risk_averse. The weighted consensus score is 1.000000, combining valuation, fundamental, and sentiment agents.",CSCO_risk_averse_DEBATE,debate_log,supported
CSCO_risk_seeking_valuation_claim_001,CSCO_risk_seeking_valuation_report,CSCO,valuation,price_momentum_and_volatility,"The valuation agent recommends HOLD for CSCO under risk_seeking. The decision is based on January return 0.001197, annualized volatility 0.189519, and max drawdown -0.041085.",CSCO_PRICE_VOLUME_JAN2024,price_volume,supported
CSCO_risk_seeking_fundamental_claim_001,CSCO_risk_seeking_fundamental_report,CSCO,fundamental,sec_fundamental_score,"The fundamental agent recommends BUY for CSCO under risk_seeking. The SEC-derived fundamental score is 5, and debt-to-asset ratio is 0.5423255248931992.",CSCO_SEC_XBRL_SUMMARY_ASOF_2024-01-31,SEC_XBRL_COMPANYFACTS,supported
CSCO_risk_seeking_sentiment_claim_001,CSCO_risk_seeking_sentiment_report,CSCO,sentiment,public_news_sentiment,"The sentiment agent recommends BUY for CSCO under risk_seeking. The public-news keyword sentiment score is 0.666667, with 2 positive and 0 negative keyword hits.",CSCO_GDELT_202401_000,GDELT_NEWS,supported
CSCO_risk_seeking_multi_agent_claim_001,CSCO_risk_seeking_multi_agent_report,CSCO,multi_agent,consensus_decision,"The multi-agent consensus recommends BUY for CSCO under risk_seeking. The weighted consensus score is 0.725001, combining valuation, fundamental, and sentiment agents.",CSCO_risk_seeking_DEBATE,debate_log,supported
NOW_risk_neutral_valuation_claim_001,NOW_risk_neutral_valuation_report,NOW,valuation,price_momentum_and_volatility,"The valuation agent recommends BUY for NOW under risk_neutral. The decision is based on January return 0.113277, annualized volatility 0.218063, and max drawdown -0.027742.",NOW_PRICE_VOLUME_JAN2024,price_volume,supported
NOW_risk_neutral_fundamental_claim_001,NOW_risk_neutral_fundamental_report,NOW,fundamental,sec_fundamental_score,"The fundamental agent recommends BUY for NOW under risk_neutral. The SEC-derived fundamental score is 5, and debt-to-asset ratio is 0.5612814171507448.",NOW_SEC_XBRL_SUMMARY_ASOF_2024-01-31,SEC_XBRL_COMPANYFACTS,supported
NOW_risk_neutral_sentiment_claim_001,NOW_risk_neutral_sentiment_report,NOW,sentiment,public_news_sentiment,"The sentiment agent recommends HOLD for NOW under risk_neutral. The public-news keyword sentiment score is 0.000000, with 0 positive and 0 negative keyword hits.",NOW_GDELT_202401_000,GDELT_NEWS,supported
NOW_risk_neutral_multi_agent_claim_001,NOW_risk_neutral_multi_agent_report,NOW,multi_agent,consensus_decision,"The multi-agent consensus recommends BUY for NOW under risk_neutral. The weighted consensus score is 0.737342, combining valuation, fundamental, and sentiment agents.",NOW_risk_neutral_DEBATE,debate_log,supported
NOW_risk_averse_valuation_claim_001,NOW_risk_averse_valuation_report,NOW,valuation,price_momentum_and_volatility,"The valuation agent recommends BUY for NOW under risk_averse. The decision is based on January return 0.113277, annualized volatility 0.218063, and max drawdown -0.027742.",NOW_PRICE_VOLUME_JAN2024,price_volume,supported
NOW_risk_averse_fundamental_claim_001,NOW_risk_averse_fundamental_report,NOW,fundamental,sec_fundamental_score,"The fundamental agent recommends BUY for NOW under risk_averse. The SEC-derived fundamental score is 5, and debt-to-asset ratio is 0.5612814171507448.",NOW_SEC_XBRL_SUMMARY_ASOF_2024-01-31,SEC_XBRL_COMPANYFACTS,supported
NOW_risk_averse_sentiment_claim_001,NOW_risk_averse_sentiment_report,NOW,sentiment,public_news_sentiment,"The sentiment agent recommends HOLD for NOW under risk_averse. The public-news keyword sentiment score is 0.000000, with 0 positive and 0 negative keyword hits.",NOW_GDELT_202401_000,GDELT_NEWS,supported
NOW_risk_averse_multi_agent_claim_001,NOW_risk_averse_multi_agent_report,NOW,multi_agent,consensus_decision,"The multi-agent consensus recommends BUY for NOW under risk_averse. The weighted consensus score is 0.737577, combining valuation, fundamental, and sentiment agents.",NOW_risk_averse_DEBATE,debate_log,supported
NOW_risk_seeking_valuation_claim_001,NOW_risk_seeking_valuation_report,NOW,valuation,price_momentum_and_volatility,"The valuation agent recommends BUY for NOW under risk_seeking. The decision is based on January return 0.113277, annualized volatility 0.218063, and max drawdown -0.027742.",NOW_PRICE_VOLUME_JAN2024,price_volume,supported
NOW_risk_seeking_fundamental_claim_001,NOW_risk_seeking_fundamental_report,NOW,fundamental,sec_fundamental_score,"The fundamental agent recommends BUY for NOW under risk_seeking. The SEC-derived fundamental score is 5, and debt-to-asset ratio is 0.5612814171507448.",NOW_SEC_XBRL_SUMMARY_ASOF_2024-01-31,SEC_XBRL_COMPANYFACTS,supported
NOW_risk_seeking_sentiment_claim_001,NOW_risk_seeking_sentiment_report,NOW,sentiment,public_news_sentiment,"The sentiment agent recommends BUY for NOW under risk_seeking. The public-news keyword sentiment score is 0.000000, with 0 positive and 0 negative keyword hits.",NOW_GDELT_202401_000,GDELT_NEWS,supported
NOW_risk_seeking_multi_agent_claim_001,NOW_risk_seeking_multi_agent_report,NOW,multi_agent,consensus_decision,"The multi-agent consensus recommends BUY for NOW under risk_seeking. The weighted consensus score is 1.000000, combining valuation, fundamental, and sentiment agents.",NOW_risk_seeking_DEBATE,debate_log,supported
PANW_risk_neutral_valuation_claim_001,PANW_risk_neutral_valuation_report,PANW,valuation,price_momentum_and_volatility,"The valuation agent recommends BUY for PANW under risk_neutral. The decision is based on January return 0.171639, annualized volatility 0.287174, and max drawdown -0.021336.",PANW_PRICE_VOLUME_JAN2024,price_volume,supported
PANW_risk_neutral_fundamental_claim_001,PANW_risk_neutral_fundamental_report,PANW,fundamental,sec_fundamental_score,"The fundamental agent recommends BUY for PANW under risk_neutral. The SEC-derived fundamental score is 4, and debt-to-asset ratio is 0.8534287740149239.",PANW_SEC_XBRL_SUMMARY_ASOF_2024-01-31,SEC_XBRL_COMPANYFACTS,supported
PANW_risk_neutral_sentiment_claim_001,PANW_risk_neutral_sentiment_report,PANW,sentiment,public_news_sentiment,"The sentiment agent recommends HOLD for PANW under risk_neutral. The public-news keyword sentiment score is 0.000000, with 0 positive and 0 negative keyword hits.",PANW_NO_PUBLIC_NEWS_JAN2024,GDELT_NEWS,supported
PANW_risk_neutral_multi_agent_claim_001,PANW_risk_neutral_multi_agent_report,PANW,multi_agent,consensus_decision,"The multi-agent consensus recommends BUY for PANW under risk_neutral. The weighted consensus score is 0.735253, combining valuation, fundamental, and sentiment agents.",PANW_risk_neutral_DEBATE,debate_log,supported
PANW_risk_averse_valuation_claim_001,PANW_risk_averse_valuation_report,PANW,valuation,price_momentum_and_volatility,"The valuation agent recommends BUY for PANW under risk_averse. The decision is based on January return 0.171639, annualized volatility 0.287174, and max drawdown -0.021336.",PANW_PRICE_VOLUME_JAN2024,price_volume,supported
PANW_risk_averse_fundamental_claim_001,PANW_risk_averse_fundamental_report,PANW,fundamental,sec_fundamental_score,"The fundamental agent recommends HOLD for PANW under risk_averse. The SEC-derived fundamental score is 4, and debt-to-asset ratio is 0.8534287740149239.",PANW_SEC_XBRL_SUMMARY_ASOF_2024-01-31,SEC_XBRL_COMPANYFACTS,supported
PANW_risk_averse_sentiment_claim_001,PANW_risk_averse_sentiment_report,PANW,sentiment,public_news_sentiment,"The sentiment agent recommends HOLD for PANW under risk_averse. The public-news keyword sentiment score is 0.000000, with 0 positive and 0 negative keyword hits.",PANW_NO_PUBLIC_NEWS_JAN2024,GDELT_NEWS,supported
PANW_risk_averse_multi_agent_claim_001,PANW_risk_averse_multi_agent_report,PANW,multi_agent,consensus_decision,"The multi-agent consensus recommends HOLD for PANW under risk_averse. The weighted consensus score is 0.319269, combining valuation, fundamental, and sentiment agents.",PANW_risk_averse_DEBATE,debate_log,supported
PANW_risk_seeking_valuation_claim_001,PANW_risk_seeking_valuation_report,PANW,valuation,price_momentum_and_volatility,"The valuation agent recommends BUY for PANW under risk_seeking. The decision is based on January return 0.171639, annualized volatility 0.287174, and max drawdown -0.021336.",PANW_PRICE_VOLUME_JAN2024,price_volume,supported
PANW_risk_seeking_fundamental_claim_001,PANW_risk_seeking_fundamental_report,PANW,fundamental,sec_fundamental_score,"The fundamental agent recommends BUY for PANW under risk_seeking. The SEC-derived fundamental score is 4, and debt-to-asset ratio is 0.8534287740149239.",PANW_SEC_XBRL_SUMMARY_ASOF_2024-01-31,SEC_XBRL_COMPANYFACTS,supported
PANW_risk_seeking_sentiment_claim_001,PANW_risk_seeking_sentiment_report,PANW,sentiment,public_news_sentiment,"The sentiment agent recommends BUY for PANW under risk_seeking. The public-news keyword sentiment score is 0.000000, with 0 positive and 0 negative keyword hits.",PANW_NO_PUBLIC_NEWS_JAN2024,GDELT_NEWS,supported
PANW_risk_seeking_multi_agent_claim_001,PANW_risk_seeking_multi_agent_report,PANW,multi_agent,consensus_decision,"The multi-agent consensus recommends BUY for PANW under risk_seeking. The weighted consensus score is 1.000000, combining valuation, fundamental, and sentiment agents.",PANW_risk_seeking_DEBATE,debate_log,supported
ZS_risk_neutral_valuation_claim_001,ZS_risk_neutral_valuation_report,ZS,valuation,price_momentum_and_volatility,"The valuation agent recommends BUY for ZS under risk_neutral. The decision is based on January return 0.109714, annualized volatility 0.325779, and max drawdown -0.038278.",ZS_PRICE_VOLUME_JAN2024,price_volume,supported
ZS_risk_neutral_fundamental_claim_001,ZS_risk_neutral_fundamental_report,ZS,fundamental,sec_fundamental_score,"The fundamental agent recommends HOLD for ZS under risk_neutral. The SEC-derived fundamental score is 2, and debt-to-asset ratio is 0.777883003115868.",ZS_SEC_XBRL_SUMMARY_ASOF_2024-01-31,SEC_XBRL_COMPANYFACTS,supported
ZS_risk_neutral_sentiment_claim_001,ZS_risk_neutral_sentiment_report,ZS,sentiment,public_news_sentiment,"The sentiment agent recommends SELL for ZS under risk_neutral. The public-news keyword sentiment score is -0.800000, with 0 positive and 4 negative keyword hits.",ZS_GDELT_202401_000,GDELT_NEWS,supported
ZS_risk_neutral_multi_agent_claim_001,ZS_risk_neutral_multi_agent_report,ZS,multi_agent,consensus_decision,"The multi-agent consensus recommends HOLD for ZS under risk_neutral. The weighted consensus score is -0.126164, combining valuation, fundamental, and sentiment agents.",ZS_risk_neutral_DEBATE,debate_log,supported
ZS_risk_averse_valuation_claim_001,ZS_risk_averse_valuation_report,ZS,valuation,price_momentum_and_volatility,"The valuation agent recommends HOLD for ZS under risk_averse. The decision is based on January return 0.109714, annualized volatility 0.325779, and max drawdown -0.038278.",ZS_PRICE_VOLUME_JAN2024,price_volume,supported
ZS_risk_averse_fundamental_claim_001,ZS_risk_averse_fundamental_report,ZS,fundamental,sec_fundamental_score,"The fundamental agent recommends HOLD for ZS under risk_averse. The SEC-derived fundamental score is 2, and debt-to-asset ratio is 0.777883003115868.",ZS_SEC_XBRL_SUMMARY_ASOF_2024-01-31,SEC_XBRL_COMPANYFACTS,supported
ZS_risk_averse_sentiment_claim_001,ZS_risk_averse_sentiment_report,ZS,sentiment,public_news_sentiment,"The sentiment agent recommends SELL for ZS under risk_averse. The public-news keyword sentiment score is -0.800000, with 0 positive and 4 negative keyword hits.",ZS_GDELT_202401_000,GDELT_NEWS,supported
ZS_risk_averse_multi_agent_claim_001,ZS_risk_averse_multi_agent_report,ZS,multi_agent,consensus_decision,"The multi-agent consensus recommends SELL for ZS under risk_averse. The weighted consensus score is -0.376220, combining valuation, fundamental, and sentiment agents.",ZS_risk_averse_DEBATE,debate_log,supported
ZS_risk_seeking_valuation_claim_001,ZS_risk_seeking_valuation_report,ZS,valuation,price_momentum_and_volatility,"The valuation agent recommends BUY for ZS under risk_seeking. The decision is based on January return 0.109714, annualized volatility 0.325779, and max drawdown -0.038278.",ZS_PRICE_VOLUME_JAN2024,price_volume,supported
ZS_risk_seeking_fundamental_claim_001,ZS_risk_seeking_fundamental_report,ZS,fundamental,sec_fundamental_score,"The fundamental agent recommends BUY for ZS under risk_seeking. The SEC-derived fundamental score is 2, and debt-to-asset ratio is 0.777883003115868.",ZS_SEC_XBRL_SUMMARY_ASOF_2024-01-31,SEC_XBRL_COMPANYFACTS,supported
ZS_risk_seeking_sentiment_claim_001,ZS_risk_seeking_sentiment_report,ZS,sentiment,public_news_sentiment,"The sentiment agent recommends SELL for ZS under risk_seeking. The public-news keyword sentiment score is -0.800000, with 0 positive and 4 negative keyword hits.",ZS_GDELT_202401_000,GDELT_NEWS,supported
ZS_risk_seeking_multi_agent_claim_001,ZS_risk_seeking_multi_agent_report,ZS,multi_agent,consensus_decision,"The multi-agent consensus recommends BUY for ZS under risk_seeking. The weighted consensus score is 0.289114, combining valuation, fundamental, and sentiment agents.",ZS_risk_seeking_DEBATE,debate_log,supported
SNOW_risk_neutral_valuation_claim_001,SNOW_risk_neutral_valuation_report,SNOW,valuation,price_momentum_and_volatility,"The valuation agent recommends BUY for SNOW under risk_neutral. The decision is based on January return 0.034475, annualized volatility 0.393662, and max drawdown -0.066336.",SNOW_PRICE_VOLUME_JAN2024,price_volume,supported
SNOW_risk_neutral_fundamental_claim_001,SNOW_risk_neutral_fundamental_report,SNOW,fundamental,sec_fundamental_score,"The fundamental agent recommends BUY for SNOW under risk_neutral. The SEC-derived fundamental score is 3, and debt-to-asset ratio is 0.31986381767801486.",SNOW_SEC_XBRL_SUMMARY_ASOF_2024-01-31,SEC_XBRL_COMPANYFACTS,supported
SNOW_risk_neutral_sentiment_claim_001,SNOW_risk_neutral_sentiment_report,SNOW,sentiment,public_news_sentiment,"The sentiment agent recommends HOLD for SNOW under risk_neutral. The public-news keyword sentiment score is 0.000000, with 0 positive and 0 negative keyword hits.",SNOW_GDELT_202401_000,GDELT_NEWS,supported
SNOW_risk_neutral_multi_agent_claim_001,SNOW_risk_neutral_multi_agent_report,SNOW,multi_agent,consensus_decision,"The multi-agent consensus recommends BUY for SNOW under risk_neutral. The weighted consensus score is 0.714340, combining valuation, fundamental, and sentiment agents.",SNOW_risk_neutral_DEBATE,debate_log,supported
SNOW_risk_averse_valuation_claim_001,SNOW_risk_averse_valuation_report,SNOW,valuation,price_momentum_and_volatility,"The valuation agent recommends SELL for SNOW under risk_averse. The decision is based on January return 0.034475, annualized volatility 0.393662, and max drawdown -0.066336.",SNOW_PRICE_VOLUME_JAN2024,price_volume,supported
SNOW_risk_averse_fundamental_claim_001,SNOW_risk_averse_fundamental_report,SNOW,fundamental,sec_fundamental_score,"The fundamental agent recommends HOLD for SNOW under risk_averse. The SEC-derived fundamental score is 3, and debt-to-asset ratio is 0.31986381767801486.",SNOW_SEC_XBRL_SUMMARY_ASOF_2024-01-31,SEC_XBRL_COMPANYFACTS,supported
SNOW_risk_averse_sentiment_claim_001,SNOW_risk_averse_sentiment_report,SNOW,sentiment,public_news_sentiment,"The sentiment agent recommends HOLD for SNOW under risk_averse. The public-news keyword sentiment score is 0.000000, with 0 positive and 0 negative keyword hits.",SNOW_GDELT_202401_000,GDELT_NEWS,supported
SNOW_risk_averse_multi_agent_claim_001,SNOW_risk_averse_multi_agent_report,SNOW,multi_agent,consensus_decision,"The multi-agent consensus recommends SELL for SNOW under risk_averse. The weighted consensus score is -0.424107, combining valuation, fundamental, and sentiment agents.",SNOW_risk_averse_DEBATE,debate_log,supported
SNOW_risk_seeking_valuation_claim_001,SNOW_risk_seeking_valuation_report,SNOW,valuation,price_momentum_and_volatility,"The valuation agent recommends BUY for SNOW under risk_seeking. The decision is based on January return 0.034475, annualized volatility 0.393662, and max drawdown -0.066336.",SNOW_PRICE_VOLUME_JAN2024,price_volume,supported
SNOW_risk_seeking_fundamental_claim_001,SNOW_risk_seeking_fundamental_report,SNOW,fundamental,sec_fundamental_score,"The fundamental agent recommends BUY for SNOW under risk_seeking. The SEC-derived fundamental score is 3, and debt-to-asset ratio is 0.31986381767801486.",SNOW_SEC_XBRL_SUMMARY_ASOF_2024-01-31,SEC_XBRL_COMPANYFACTS,supported
SNOW_risk_seeking_sentiment_claim_001,SNOW_risk_seeking_sentiment_report,SNOW,sentiment,public_news_sentiment,"The sentiment agent recommends BUY for SNOW under risk_seeking. The public-news keyword sentiment score is 0.000000, with 0 positive and 0 negative keyword hits.",SNOW_GDELT_202401_000,GDELT_NEWS,supported
SNOW_risk_seeking_multi_agent_claim_001,SNOW_risk_seeking_multi_agent_report,SNOW,multi_agent,consensus_decision,"The multi-agent consensus recommends BUY for SNOW under risk_seeking. The weighted consensus score is 1.000000, combining valuation, fundamental, and sentiment agents.",SNOW_risk_seeking_DEBATE,debate_log,supported
